{
  "topsnp_lr": {
    "metrics": {
      "auroc": 0.7435897435897436,
      "ap": 0.5613425925925926
    }
  },
  "topsnp_lasso": {
    "metrics": {
      "auroc": 0.7478632478632479,
      "ap": 0.5628522544283413
    }
  },
  "topsnp_xgb": {
    "metrics": {
      "auroc": 0.5555555555555555,
      "ap": 0.18720746409195024
    }
  },
  "pca_lr": {
    "metrics": {
      "auroc": 0.7478632478632479,
      "ap": 0.2809218559218559
    }
  },
  "pca_lasso": {
    "metrics": {
      "auroc": 0.6752136752136753,
      "ap": 0.22467105263157897
    }
  },
  "pca_xgb": {
    "metrics": {
      "auroc": 0.44871794871794873,
      "ap": 0.20566730523627075
    }
  }
}