{
  "(0, 1)": 0.012965496448834254,
  "(0, 2)": 0.00568490832441099,
  "(0, 3)": 0.016868816764872115,
  "(0, 4)": 0.001387510155128751,
  "(0, 5)": 0.00658139912321106,
  "(0, 6)": 0.001609389152574464,
  "(0, 7)": 0.000208243451358405,
  "(0, 8)": 0.012966472430302373,
  "(0, 9)": 0.004282749812905651,
  "(1, 2)": 0.00592679769722994,
  "(1, 3)": 0.016741904599354835,
  "(1, 4)": 0.005422219684405099,
  "(1, 5)": 0.0010947187806178837,
  "(1, 6)": 0.003829193825378585,
  "(1, 7)": 0.02046995157507492,
  "(1, 8)": 0.0030627220127756186,
  "(1, 9)": 0.0031979019359173787,
  "(2, 3)": 0.008476084499420897,
  "(2, 4)": 0.012285065222206444,
  "(2, 5)": 0.018939372728922484,
  "(2, 6)": 0.018047735137930208,
  "(2, 7)": 0.010069259338043129,
  "(2, 8)": 0.026685771781860972,
  "(2, 9)": 0.007512701260215581,
  "(3, 4)": 0.00333643789232954,
  "(3, 5)": 0.016353138859293844,
  "(3, 6)": 0.009709055839048835,
  "(3, 7)": 0.019767969316383163,
  "(3, 8)": 0.010955346098628437,
  "(3, 9)": 0.005840944015602056,
  "(4, 5)": 0.004601743076681867,
  "(4, 6)": 0.008527705149779347,
  "(4, 7)": 0.0027532576004153817,
  "(4, 8)": 0.00150086495249316,
  "(4, 9)": 0.003038926494213258,
  "(5, 6)": 0.016081352911587014,
  "(5, 7)": 0.0008395843465723596,
  "(5, 8)": 0.018438082047686457,
  "(5, 9)": 0.007737930214788802,
  "(6, 7)": 0.0099221124138683,
  "(6, 8)": 0.014359015571258061,
  "(6, 9)": 0.010215223406760121,
  "(7, 8)": 0.010982031479918662,
  "(7, 9)": 0.017210715252645212,
  "(8, 9)": 0.018033349300777046
}