{
  "(0, 1)": 0.2549019607843137,
  "(0, 2)": 0.6470588235294118,
  "(0, 3)": 0.3137254901960784,
  "(0, 4)": 0.9215686274509803,
  "(0, 5)": 0.6862745098039216,
  "(0, 6)": 0.9019607843137255,
  "(0, 7)": 1.0,
  "(0, 8)": 0.35294117647058826,
  "(0, 9)": 0.7450980392156863,
  "(1, 2)": 0.7843137254901961,
  "(1, 3)": 0.2549019607843137,
  "(1, 4)": 0.7450980392156863,
  "(1, 5)": 0.9803921568627451,
  "(1, 6)": 0.8431372549019608,
  "(1, 7)": 0.13725490196078433,
  "(1, 8)": 0.9019607843137255,
  "(1, 9)": 0.7058823529411765,
  "(2, 3)": 0.5098039215686274,
  "(2, 4)": 0.3333333333333333,
  "(2, 5)": 0.1568627450980392,
  "(2, 6)": 0.1568627450980392,
  "(2, 7)": 0.5294117647058824,
  "(2, 8)": 0.058823529411764705,
  "(2, 9)": 0.5882352941176471,
  "(3, 4)": 0.8431372549019608,
  "(3, 5)": 0.37254901960784315,
  "(3, 6)": 0.5098039215686274,
  "(3, 7)": 0.19607843137254902,
  "(3, 8)": 0.47058823529411764,
  "(3, 9)": 0.5490196078431373,
  "(4, 5)": 0.7058823529411765,
  "(4, 6)": 0.49019607843137253,
  "(4, 7)": 0.8431372549019608,
  "(4, 8)": 0.803921568627451,
  "(4, 9)": 0.8235294117647058,
  "(5, 6)": 0.23529411764705882,
  "(5, 7)": 0.9411764705882353,
  "(5, 8)": 0.43137254901960786,
  "(5, 9)": 0.5686274509803921,
  "(6, 7)": 0.5490196078431373,
  "(6, 8)": 0.21568627450980393,
  "(6, 9)": 0.49019607843137253,
  "(7, 8)": 0.5490196078431373,
  "(7, 9)": 0.09803921568627451,
  "(8, 9)": 0.37254901960784315
}