{
  "topsnp_lr": {
    "type": "baseline",
    "metrics": {
      "auroc": 0.7435897435897436,
      "ap": 0.5613425925925926
    },
    "scores": {
      "(0, 1)": 1.318294324103035,
      "(0, 2)": 1.7127962663834375,
      "(0, 3)": 0.019683393392141646,
      "(0, 4)": 1.974860587756615,
      "(0, 5)": 1.315399565335786,
      "(0, 6)": 0.9295594865754927,
      "(0, 7)": 0.41594066578133104,
      "(0, 8)": 1.5999993986993792,
      "(0, 9)": 0.46550864194167774,
      "(1, 2)": 1.147259954010458,
      "(1, 3)": 0.6138388836227006,
      "(1, 4)": 1.517140562359687,
      "(1, 5)": 1.5275247618278927,
      "(1, 6)": 0.01753213491114597,
      "(1, 7)": 1.435370510114169,
      "(1, 8)": 0.6418643160770454,
      "(1, 9)": 2.711704163837217,
      "(2, 3)": 0.5682727886873854,
      "(2, 4)": 4.553147609958924,
      "(2, 5)": 1.4737520068806114,
      "(2, 6)": 1.6676010339271372,
      "(2, 7)": 0.4032328299627941,
      "(2, 8)": 1.3946227502455293,
      "(2, 9)": 0.006150939300248015,
      "(3, 4)": 0.8446629307487095,
      "(3, 5)": 0.038492570931328185,
      "(3, 6)": 2.5946302995121533,
      "(3, 7)": 3.416517451444014,
      "(3, 8)": 0.46251944620726826,
      "(3, 9)": 0.4277300877190713,
      "(4, 5)": 0.4309404156245924,
      "(4, 6)": 0.6465421136668874,
      "(4, 7)": 0.9571110307759196,
      "(4, 8)": 2.434412544183578,
      "(4, 9)": 1.2332160590461192,
      "(5, 6)": 0.5519512424294415,
      "(5, 7)": 3.0674158960214526,
      "(5, 8)": 1.6802194688068295,
      "(5, 9)": 0.3128167141917828,
      "(6, 7)": 0.08398338011007267,
      "(6, 8)": 0.9438173105191217,
      "(6, 9)": 0.7087314970471328,
      "(7, 8)": 1.2825197911549626,
      "(7, 9)": 2.81601298509205,
      "(8, 9)": 0.5117090141777517
    }
  },
  "topsnp_lasso": {
    "type": "baseline",
    "metrics": {
      "auroc": 0.7478632478632479,
      "ap": 0.5628522544283413
    },
    "scores": {
      "(0, 1)": 1.312438076542113,
      "(0, 2)": 1.7080780590806122,
      "(0, 3)": 0.015377138358330246,
      "(0, 4)": 1.9662459353284156,
      "(0, 5)": 1.3115364062950199,
      "(0, 6)": 0.9241699292454204,
      "(0, 7)": 0.40270905302166476,
      "(0, 8)": 1.5938062367939714,
      "(0, 9)": 0.4603423368248589,
      "(1, 2)": 1.1405175064895239,
      "(1, 3)": 0.6062244115292689,
      "(1, 4)": 1.502275926935803,
      "(1, 5)": 1.52300233402967,
      "(1, 6)": 0.009718520534110675,
      "(1, 7)": 1.416256773892065,
      "(1, 8)": 0.6288999644781249,
      "(1, 9)": 2.704493128738259,
      "(2, 3)": 0.5638066028938515,
      "(2, 4)": 4.5386445842872405,
      "(2, 5)": 1.4695756048171693,
      "(2, 6)": 1.6608922258626442,
      "(2, 7)": 0.3908644515454718,
      "(2, 8)": 1.3861154700839593,
      "(2, 9)": 0.0007816418033858999,
      "(3, 4)": 0.8338402260110125,
      "(3, 5)": 0.03400988904276129,
      "(3, 6)": 2.588520810886217,
      "(3, 7)": 3.4021304931748206,
      "(3, 8)": 0.45586719466703945,
      "(3, 9)": 0.4247906646646465,
      "(4, 5)": 0.4203903395396587,
      "(4, 6)": 0.6331244239405812,
      "(4, 7)": 0.9081052359235828,
      "(4, 8)": 2.4158000530169845,
      "(4, 9)": 1.2228177991750833,
      "(5, 6)": 0.5451765241131663,
      "(5, 7)": 3.0509312991492794,
      "(5, 8)": 1.671635013638752,
      "(5, 9)": 0.30707901140774796,
      "(6, 7)": 0.06896755515455237,
      "(6, 8)": 0.933215578448788,
      "(6, 9)": 0.7034060963004536,
      "(7, 8)": 1.2605305813468195,
      "(7, 9)": 2.805448713765552,
      "(8, 9)": 0.5033696920987039
    }
  },
  "topsnp_xgb": {
    "type": "baseline",
    "metrics": {
      "auroc": 0.5555555555555555,
      "ap": 0.18720746409195024
    },
    "scores": {
      "(0, 1)": 0.004482072273386595,
      "(0, 2)": 0.010891008798991408,
      "(0, 3)": 0.005206243068544558,
      "(0, 4)": 0.003308858129501435,
      "(0, 5)": 0.0034571109359559093,
      "(0, 6)": 0.0035213773933152615,
      "(0, 7)": 0.003173697207002335,
      "(0, 8)": 0.0037363739316124134,
      "(0, 9)": 0.004951058487991822,
      "(1, 2)": 0.00973441147757148,
      "(1, 3)": 0.0038703441859674337,
      "(1, 4)": 0.002912696611697241,
      "(1, 5)": 0.0033720008313640193,
      "(1, 6)": 0.003575515209711,
      "(1, 7)": 0.0034185282937608807,
      "(1, 8)": 0.003351652583226672,
      "(1, 9)": 0.007713776673966444,
      "(2, 3)": 0.009689753863904471,
      "(2, 4)": 0.010365529380782501,
      "(2, 5)": 0.008841925340183132,
      "(2, 6)": 0.010606340893097865,
      "(2, 7)": 0.00884119775258374,
      "(2, 8)": 0.00849016310301054,
      "(2, 9)": 0.01070655776664009,
      "(3, 4)": 0.0033014866347416127,
      "(3, 5)": 0.0034544508749609903,
      "(3, 6)": 0.004921959789242036,
      "(3, 7)": 0.004030853835291559,
      "(3, 8)": 0.0027003111202479335,
      "(3, 9)": 0.004438774562122827,
      "(4, 5)": 0.0018891035504916553,
      "(4, 6)": 0.0025273481140660747,
      "(4, 7)": 0.0019916632554006775,
      "(4, 8)": 0.0024565618470490103,
      "(4, 9)": 0.003424400510462111,
      "(5, 6)": 0.003120223988025028,
      "(5, 7)": 0.0025220875873245285,
      "(5, 8)": 0.0018476833540911342,
      "(5, 9)": 0.004247668338006605,
      "(6, 7)": 0.0027420105402619077,
      "(6, 8)": 0.0020780494023275864,
      "(6, 9)": 0.004722376564461395,
      "(7, 8)": 0.001716521140972982,
      "(7, 9)": 0.00542866156959676,
      "(8, 9)": 0.003552591430299179
    }
  },
  "pca_lr": {
    "type": "baseline",
    "metrics": {
      "auroc": 0.7478632478632479,
      "ap": 0.2809218559218559
    },
    "scores": {
      "(0, 1)": 0.43280335045344154,
      "(0, 2)": 0.08660878768597469,
      "(0, 3)": 0.6867738796663125,
      "(0, 4)": 0.19512789689983673,
      "(0, 5)": 0.2743945305517199,
      "(0, 6)": 1.0604229089592119,
      "(0, 7)": 0.7970644922459209,
      "(0, 8)": 0.20211390166725474,
      "(0, 9)": 0.3192194922291725,
      "(1, 2)": 0.667538694506814,
      "(1, 3)": 0.396058250704019,
      "(1, 4)": 0.6140587251510194,
      "(1, 5)": 0.33858462366986974,
      "(1, 6)": 0.018597159679174302,
      "(1, 7)": 0.12297002459901973,
      "(1, 8)": 1.0274394427953741,
      "(1, 9)": 1.2343480766312849,
      "(2, 3)": 0.10793503309404606,
      "(2, 4)": 1.459864804439658,
      "(2, 5)": 0.596784172446243,
      "(2, 6)": 0.9492005532744437,
      "(2, 7)": 0.5576702016638178,
      "(2, 8)": 1.6409234933201757,
      "(2, 9)": 0.10981965094065096,
      "(3, 4)": 0.66621637453252,
      "(3, 5)": 0.15015902041726592,
      "(3, 6)": 0.07418483314934277,
      "(3, 7)": 1.054514598086794,
      "(3, 8)": 0.7662074430810921,
      "(3, 9)": 0.1370004492320711,
      "(4, 5)": 0.7109101755042602,
      "(4, 6)": 0.39604153787081303,
      "(4, 7)": 0.7008752889815872,
      "(4, 8)": 1.531360197125506,
      "(4, 9)": 0.07449761858112025,
      "(5, 6)": 0.8626322287265615,
      "(5, 7)": 0.3123452252085842,
      "(5, 8)": 0.5623838634651774,
      "(5, 9)": 0.48580620523404083,
      "(6, 7)": 0.06435773096852415,
      "(6, 8)": 0.7360990148138062,
      "(6, 9)": 0.1985706748404541,
      "(7, 8)": 0.7977478900476,
      "(7, 9)": 0.6440997092750522,
      "(8, 9)": 1.0638453680671631
    }
  },
  "pca_lasso": {
    "type": "baseline",
    "metrics": {
      "auroc": 0.6752136752136753,
      "ap": 0.22467105263157897
    },
    "scores": {
      "(0, 1)": 0.42737301217986307,
      "(0, 2)": 0.035043209634482896,
      "(0, 3)": 0.8090063380003801,
      "(0, 4)": 0.10304894420165307,
      "(0, 5)": 0.497204005381522,
      "(0, 6)": 0.42982148639665885,
      "(0, 7)": 0.8338151733273074,
      "(0, 8)": 0.2326656844673235,
      "(0, 9)": 0.4579886840872319,
      "(1, 2)": 0.724901652151146,
      "(1, 3)": 0.401997427341723,
      "(1, 4)": 0.5978205642338903,
      "(1, 5)": 0.9875540984791171,
      "(1, 6)": 0.7040376116581615,
      "(1, 7)": 0.39160356652028844,
      "(1, 8)": 1.1846555217027814,
      "(1, 9)": 1.4784411731121172,
      "(2, 3)": 0.0,