{
  "metrics": {
    "auroc": 0.42735042735042733,
    "ap": 0.13645650158808054
  },
  "gene_layer_shape": [
    5000,
    10
  ],
  "scores": {
    "(0, 1)": 0.007266293745487928,
    "(0, 2)": 0.007382031064480543,
    "(0, 3)": 0.004862884990870953,
    "(0, 4)": 0.005125414114445448,
    "(0, 5)": 0.0062334369868040085,
    "(0, 6)": 0.00504383584484458,
    "(0, 7)": 0.004645324312150478,
    "(0, 8)": 0.004120587836951017,
    "(0, 9)": 0.005446786060929298,
    "(1, 2)": 0.007040445227175951,
    "(1, 3)": 0.004992931615561247,
    "(1, 4)": 0.0049286819994449615,
    "(1, 5)": 0.00683355238288641,
    "(1, 6)": 0.0039028741884976625,
    "(1, 7)": 0.004291546531021595,
    "(1, 8)": 0.004988932050764561,
    "(1, 9)": 0.007878599688410759,
    "(2, 3)": 0.004034684970974922,
    "(2, 4)": 0.004613844212144613,
    "(2, 5)": 0.008949155919253826,
    "(2, 6)": 0.004915106575936079,
    "(2, 7)": 0.009215538389980793,
    "(2, 8)": 0.008850343525409698,
    "(2, 9)": 0.018378131091594696,
    "(3, 4)": 0.003125264309346676,
    "(3, 5)": 0.003757602535188198,
    "(3, 6)": 0.0026747446972876787,
    "(3, 7)": 0.0032498063519597054,
    "(3, 8)": 0.0019731097854673862,
    "(3, 9)": 0.004254711326211691,
    "(4, 5)": 0.004430433269590139,
    "(4, 6)": 0.004666104447096586,
    "(4, 7)": 0.002585385926067829,
    "(4, 8)": 0.0027826016303151846,
    "(4, 9)": 0.006054504308849573,
    "(5, 6)": 0.0042251343838870525,
    "(5, 7)": 0.004492877051234245,
    "(5, 8)": 0.004424394574016333,
    "(5, 9)": 0.008320181630551815,
    "(6, 7)": 0.0027579714078456163,
    "(6, 8)": 0.003185844514518976,
    "(6, 9)": 0.005084828473627567,
    "(7, 8)": 0.003833223134279251,
    "(7, 9)": 0.007020634599030018,
    "(8, 9)": 0.007560442201793194
  }
}