{
  "interaction_model": {
    "mse": 923.3363645181969,
    "r2": 0.01157796612551698
  },
  "main_effect_model": {
    "mse": 926.4361237163223,
    "r2": 0.008259705945510953
  },
  "gene_layer_shape": [
    5000,
    10
  ]
}